,id,nombre,latitud,longitud,cartesianas,cartesianas_norm,cartesianas_std,cluster_3,centers_3,cluster_std_3,centers_std_3,cluster_norm_3,centers_norm_3,cluster_4,centers_4,cluster_std_4,centers_std_4,cluster_norm_4,centers_norm_4,cluster_5,centers_5,cluster_std_5,centers_std_5,cluster_norm_5,centers_norm_5,cluster_6,centers_6,cluster_std_6,centers_std_6,cluster_norm_6,centers_norm_6,cluster_7,centers_7,cluster_std_7,centers_std_7,cluster_norm_7,centers_norm_7,cluster_8,centers_8,cluster_std_8,centers_std_8,cluster_norm_8,centers_norm_8,cluster_9,centers_9,cluster_std_9,centers_std_9,cluster_norm_9,centers_norm_9,cluster
0,0,Hospital San Francisco de Quito (IESS),-0.089744,-78.476564,"[1272.725091398756, -1.993506938579349, -6242.580225167644]",[9.99249680e-01 8.29799389e-01 2.28658183e-04],[ 1.99768497e-01 -3.12903302e-04 -9.79843074e-01],2,[ 1.27094479e+03 -3.84982497e+00 -6.24294188e+03],2,[ 1.27094479e+03 -3.84982497e+00 -6.24294188e+03],2,[ 1.27094479e+03 -3.84982497e+00 -6.24294188e+03],3,[ 1.27188648e+03 -3.34122943e+00 -6.24275044e+03],0,[ 1.27188648e+03 -3.34122943e+00 -6.24275044e+03],0,[ 1.27188648e+03 -3.34122943e+00 -6.24275044e+03],1,[ 1.27188648e+03 -3.34122943e+00 -6.24275044e+03],4,[ 1.27188648e+03 -3.34122943e+00 -6.24275044e+03],4,[ 1.27188648e+03 -3.34122943e+00 -6.24275044e+03],3,[ 1.27303979e+03 -2.81236903e+00 -6.24251571e+03],1,[ 1.27303979e+03 -2.81236903e+00 -6.24251571e+03],1,[ 1.27303979e+03 -2.81236903e+00 -6.24251571e+03],2,[ 1.27303979e+03 -2.81236903e+00 -6.24251571e+03],1,[ 1.27303979e+03 -2.81236903e+00 -6.24251571e+03],1,[ 1.27303979e+03 -2.81236903e+00 -6.24251571e+03],3,[ 1.27303979e+03 -2.81236903e+00 -6.24251571e+03],3,[ 1.27303979e+03 -2.81236903e+00 -6.24251571e+03],3,[ 1.27303979e+03 -2.81236903e+00 -6.24251571e+03],1,[ 1.27303979e+03 -2.81236903e+00 -6.24251571e+03],3,[ 1.27303979e+03 -2.81236903e+00 -6.24251571e+03],3,[ 1.27303979e+03 -2.81236903e+00 -6.24251571e+03],1
1,1,Hospital General Docente de Calderón,-0.092109,-78.436695,"[1277.0685641687626, -2.053023987289783, -6241.693093024075]",[9.99827065e-01 8.29791477e-01 3.46586014e-04],[ 2.00450253e-01 -3.22245171e-04 -9.79703829e-01],0,[ 1.27667449e+03 -5.63210863e+00 -6.24177115e+03],1,[ 1.27667449e+03 -5.63210863e+00 -6.24177115e+03],1,[ 1.27667449e+03 -5.63210863e+00 -6.24177115e+03],1,[ 1.27667449e+03 -5.63210863e+00 -6.24177115e+03],1,[ 1.27667449e+03 -5.63210863e+00 -6.24177115e+03],1,[ 1.27667449e+03 -5.63210863e+00 -6.24177115e+03],2,[ 1.27752514e+03 -3.71607686e+00 -6.24159875e+03],3,[ 1.27752514e+03 -3.71607686e+00 -6.24159875e+03],3,[ 1.27752514e+03 -3.71607686e+00 -6.24159875e+03],0,[ 1.27752514e+03 -3.71607686e+00 -6.24159875e+03],5,[ 1.27752514e+03 -3.71607686e+00 -6.24159875e+03],5,[ 1.27752514e+03 -3.71607686e+00 -6.24159875e+03],5,[ 1.27752514e+03 -3.71607686e+00 -6.24159875e+03],5,[ 1.27752514e+03 -3.71607686e+00 -6.24159875e+03],5,[ 1.27752514e+03 -3.71607686e+00 -6.24159875e+03],4,[ 1.27752514e+03 -3.71607686e+00 -6.24159875e+03],4,[ 1.27752514e+03 -3.71607686e+00 -6.24159875e+03],4,[ 1.27752514e+03 -3.71607686e+00 -6.24159875e+03],8,[ 1.27706856e+03 -2.05302399e+00 -6.24169309e+03],7,[ 1.27706856e+03 -2.05302399e+00 -6.24169309e+03],7,[ 1.27706856e+03 -2.05302399e+00 -6.24169309e+03],8
2,2,Hospital Comprehensive Care for the Elderly,-0.128392,-78.501136,"[1270.046139591068, -2.8460043354064806, -6243.125475558629]",[9.98893563e-01 8.29686065e-01 1.56177215e-04],[ 1.99348005e-01 -4.46712343e-04 -9.79928657e-01],2,[ 1.27094479e+03 -3.84982497e+00 -6.24294188e+03],2,[ 1.27094479e+03 -3.84982497e+00 -6.24294188e+03],2,[ 1.27094479e+03 -3.84982497e+00 -6.24294188e+03],0,[ 1.26976940e+03 -4.45603343e+00 -6.24318074e+03],3,[ 1.26976940e+03 -4.45603343e+00 -6.24318074e+03],3,[ 1.26976940e+03 -4.45603343e+00 -6.24318074e+03],3,[ 1.26976940e+03 -4.45603343e+00 -6.24318074e+03],0,[ 1.26976940e+03 -4.45603343e+00 -6.24318074e+03],0,[ 1.26976940e+03 -4.45603343e+00 -6.24318074e+03],1,[ 1.27063144e+03 -3.99678656e+00 -6.24300567e+03],2,[ 1.27063144e+03 -3.99678656e+00 -6.24300567e+03],2,[ 1.27063144e+03 -3.99678656e+00 -6.24300567e+03],1,[ 1.27100373e+03 -3.65869071e+00 -6.24293011e+03],3,[ 1.27100373e+03 -3.65869071e+00 -6.24293011e+03],3,[ 1.27100373e+03 -3.65869071e+00 -6.24293011e+03],5,[ 1.27063340e+03 -2.95156542e+00 -6.24300591e+03],6,[ 1.27063340e+03 -2.95156542e+00 -6.24300591e+03],6,[ 1.27063340e+03 -2.95156542e+00 -6.24300591e+03],6,[ 1.27063340e+03 -2.95156542e+00 -6.24300591e+03],0,[ 1.27063340e+03 -2.95156542e+00 -6.24300591e+03],0,[ 1.27063340e+03 -2.95156542e+00 -6.24300591e+03],6
3,3,Hospital Pablo Arturo Suarez,-0.127657,-78.497466,"[1270.446066956595, -2.8306029399003845, -6243.04411154058]",[9.98946726e-01 8.29688112e-01 1.66993058e-04],[ 1.99410778e-01 -4.44294921e-04 -9.79915886e-01],2,[ 1.27094479e+03 -3.84982497e+00 -6.24294188e+03],2,[ 1.27094479e+03 -3.84982497e+00 -6.24294188e+03],2,[ 1.27094479e+03 -3.84982497e+00 -6.24294188e+03],3,[ 1.27188648e+03 -3.34122943e+00 -6.24275044e+03],0,[ 1.27188648e+03 -3.34122943e+00 -6.24275044e+03],0,[ 1.27188648e+03 -3.34122943e+00 -6.24275044e+03],1,[ 1.27188648e+03 -3.34122943e+00 -6.24275044e+03],4,[ 1.27188648e+03 -3.34122943e+00 -6.24275044e+03],4,[ 1.27188648e+03 -3.34122943e+00 -6.24275044e+03],1,[ 1.27063144e+03 -3.99678656e+00 -6.24300567e+03],2,[ 1.27063144e+03 -3.99678656e+00 -6.24300567e+03],2,[ 1.27063144e+03 -3.99678656e+00 -6.24300567e+03],1,[ 1.27100373e+03 -3.65869071e+00 -6.24293011e+03],3,[ 1.27100373e+03 -3.65869071e+00 -6.24293011e+03],3,[ 1.27100373e+03 -3.65869071e+00 -6.24293011e+03],5,[ 1.27063340e+03 -2.95156542e+00 -6.24300591e+03],6,[ 1.27063340e+03 -2.95156542e+00 -6.24300591e+03],6,[ 1.27063340e+03 -2.95156542e+00 -6.24300591e+03],6,[ 1.27063340e+03 -2.95156542e+00 -6.24300591e+03],0,[ 1.27063340e+03 -2.95156542e+00 -6.24300591e+03],0,[ 1.27063340e+03 -2.95156542e+00 -6.24300591e+03],6
4,4,Unidad Metropolitana de Salud Norte,-0.114467,-78.490987,"[1271.1526380822124, -2.5395452133714893, -6242.900409377578]",[9.99040652e-01 8.29726803e-01 1.86095606e-04],[ 1.99521682e-01 -3.98610142e-04 -9.79893331e-01],2,[ 1.27094479e+03 -3.84982497e+00 -6.24294188e+03],2,[ 1.27094479e+03 -3.84982497e+00 -6.24294188e+03],2,[ 1.27094479e+03 -3.84982497e+00 -6.24294188e+03],3,[ 1.27188648e+03 -3.34122943e+00 -6.24275044e+03],0,[ 1.27188648e+03 -3.34122943e+00 -6.24275044e+03],0,[ 1.27188648e+03 -3.34122943e+00 -6.24275044e+03],1,[ 1.27188648e+03 -3.34122943e+00 -6.24275044e+03],4,[ 1.27188648e+03 -3.34122943e+00 -6.24275044e+03],4,[ 1.27188648e+03 -3.34122943e+00 -6.24275044e+03],1,[ 1.27063144e+03 -3.99678656e+00 -6.24300567e+03],2,[ 1.27063144e+03 -3.99678656e+00 -6.24300567e+03],2,[ 1.27063144e+03 -3.99678656e+00 -6.24300567e+03],1,[ 1.27100373e+03 -3.65869071e+00 -6.24293011e+03],3,[ 1.27100373e+03 -3.65869071e+00 -6.24293011e+03],3,[ 1.27100373e+03 -3.65869071e+00 -6.24293011e+03],5,[ 1.27063340e+03 -2.95156542e+00 -6.24300591e+03],6,[ 1.27063340e+03 -2.95156542e+00 -6.24300591e+03],6,[ 1.27063340e+03 -2.95156542e+00 -6.24300591e+03],6,[ 1.27063340e+03 -2.95156542e+00 -6.24300591e+03],0,[ 1.27063340e+03 -2.95156542e+00 -6.24300591e+03],0,[ 1.27063340e+03 -2.95156542e+00 -6.24300591e+03],6
5,5,COMMUNITY HOSPITAL SAN JOSE OBRERO,-0.124464,-78.471611,"[1273.2632907444513, -2.765922600999515, -6242.470179513457]",[9.99321224e-01 8.29696710e-01 2.43286720e-04],[ 1.99852973e-01 -4.34142615e-04 -9.79825801e-01],2,[ 1.27094479e+03 -3.84982497e+00 -6.24294188e+03],2,[ 1.27094479e+03 -3.84982497e+00 -6.24294188e+03],2,[ 1.27094479e+03 -3.84982497e+00 -6.24294188e+03],3,[ 1.27188648e+03 -3.34122943e+00 -6.24275044e+03],0,[ 1.27188648e+03 -3.34122943e+00 -6.24275044e+03],0,[ 1.27188648e+03 -3.34122943e+00 -6.24275044e+03],1,[ 1.27188648e+03 -3.34122943e+00 -6.24275044e+03],4,[ 1.27188648e+03 -3.34122943e+00 -6.24275044e+03],4,[ 1.27188648e+03 -3.34122943e+00 -6.24275044e+03],3,[ 1.27303979e+03 -2.81236903e+00 -6.24251571e+03],1,[ 1.27303979e+03 -2.81236903e+00 -6.24251571e+03],1,[ 1.27303979e+03 -2.81236903e+00 -6.24251571e+03],2,[ 1.27303979e+03 -2.81236903e+00 -6.24251571e+03],1,[ 1.27303979e+03 -2.81236903e+00 -6.24251571e+03],1,[ 1.27303979e+03 -2.81236903e+00 -6.24251571e+03],3,[ 1.27303979e+03 -2.81236903e+00 -6.24251571e+03],3,[ 1.27303979e+03 -2.81236903e+00 -6.24251571e+03],3,[ 1.27303979e+03 -2.81236903e+00 -6.24251571e+03],1,[ 1.27303979e+03 -2.81236903e+00 -6.24251571e+03],3,[ 1.27303979e+03 -2.81236903e+00 -6.24251571e+03],3,[ 1.27303979e+03 -2.81236903e+00 -6.24251571e+03],1
6,6,Specialty Center Ponceano Committee Pueblo (IESS),-0.119849,-78.477588,"[1272.6122998381293, -2.662002948037121, -6242.6029705597175]",[9.99234687e-01 8.29710524e-01 2.25634603e-04],[ 1.99750793e-01 -4.17831259e-04 -9.79846644e-01],2,[ 1.27094479e+03 -3.84982497e+00 -6.24294188e+03],2,[ 1.27094479e+03 -3.84982497e+00 -6.24294188e+03],2,[ 1.27094479e+03 -3.84982497e+00 -6.24294188e+03],3,[ 1.27188648e+03 -3.34122943e+00 -6.24275044e+03],0,[ 1.27188648e+03 -3.34122943e+00 -6.24275044e+03],0,[ 1.27188648e+03 -3.34122943e+00 -6.24275044e+03],1,[ 1.27188648e+03 -3.34122943e+00 -6.24275044e+03],4,[ 1.27188648e+03 -3.34122943e+00 -6.24275044e+03],4,[ 1.27188648e+03 -3.34122943e+00 -6.24275044e+03],3,[ 1.27303979e+03 -2.81236903e+00 -6.24251571e+03],1,[ 1.27303979e+03 -2.81236903e+00 -6.24251571e+03],1,[ 1.27303979e+03 -2.81236903e+00 -6.24251571e+03],2,[ 1.27303979e+03 -2.81236903e+00 -6.24251571e+03],1,[ 1.27303979e+03 -2.81236903e+00 -6.24251571e+03],1,[ 1.27303979e+03 -2.81236903e+00 -6.24251571e+03],3,[ 1.27303979e+03 -2.81236903e+00 -6.24251571e+03],3,[ 1.27303979e+03 -2.81236903e+00 -6.24251571e+03],3,[ 1.27303979e+03 -2.81236903e+00 -6.24251571e+03],1,[ 1.27303979e+03 -2.81236903e+00 -6.24251571e+03],3,[ 1.27303979e+03 -2.81236903e+00 -6.24251571e+03],3,[ 1.27303979e+03 -2.81236903e+00 -6.24251571e+03],1
7,7,NORTHOSPITAL,-0.129542,-78.493586,"[1270.8687404491957, -2.873355774130557, -6242.958063960999]",[9.99002913e-01 8.29682429e-01 1.78431494e-04],[ 1.99477121e-01 -4.51005458e-04 -9.79902380e-01],2,[ 1.27094479e+03 -3.84982497e+00 -6.24294188e+03],2,[ 1.27094479e+03 -3.84982497e+00 -6.24294188e+03],2,[ 1.27094479e+03 -3.84982497e+00 -6.24294188e+03],3,[ 1.27188648e+03 -3.34122943e+00 -6.24275044e+03],0,[ 1.27188648e+03 -3.34122943e+00 -6.24275044e+03],0,[ 1.27188648e+03 -3.34122943e+00 -6.24275044e+03],1,[ 1.27188648e+03 -3.34122943e+00 -6.24275044e+03],4,[ 1.27188648e+03 -3.34122943e+00 -6.24275044e+03],4,[ 1.27188648e+03 -3.34122943e+00 -6.24275044e+03],1,[ 1.27063144e+03 -3.99678656e+00 -6.24300567e+03],2,[ 1.27063144e+03 -3.99678656e+00 -6.24300567e+03],2,[ 1.27063144e+03 -3.99678656e+00 -6.24300567e+03],1,[ 1.27100373e+03 -3.65869071e+00 -6.24293011e+03],3,[ 1.27100373e+03 -3.65869071e+00 -6.24293011e+03],3,[ 1.27100373e+03 -3.65869071e+00 -6.24293011e+03],5,[ 1.27063340e+03 -2.95156542e+00 -6.24300591e+03],6,[ 1.27063340e+03 -2.95156542e+00 -6.24300591e+03],6,[ 1.27063340e+03 -2.95156542e+00 -6.24300591e+03],6,[ 1.27063340e+03 -2.95156542e+00 -6.24300591e+03],0,[ 1.27063340e+03 -2.95156542e+00 -6.24300591e+03],0,[ 1.27063340e+03 -2.95156542e+00 -6.24300591e+03],6
8,8,IESS Cotocollao,-0.137769,-78.492986,"[1270.933690613275, -3.055994744500065, -6242.944755078347]",[9.99011547e-01 8.29658151e-01 1.80200665e-04],[ 1.99487316e-01 -4.79672696e-04 -9.79900291e-01],2,[ 1.27094479e+03 -3.84982497e+00 -6.24294188e+03],2,[ 1.27094479e+03 -3.84982497e+00 -6.24294188e+03],2,[ 1.27094479e+03 -3.84982497e+00 -6.24294188e+03],3,[ 1.27188648e+03 -3.34122943e+00 -6.24275044e+03],0,[ 1.27188648e+03 -3.34122943e+00 -6.24275044e+03],0,[ 1.27188648e+03 -3.34122943e+00 -6.24275044e+03],1,[ 1.27188648e+03 -3.34122943e+00 -6.24275044e+03],4,[ 1.27188648e+03 -3.34122943e+00 -6.24275044e+03],4,[ 1.27188648e+03 -3.34122943e+00 -6.24275044e+03],1,[ 1.27063144e+03 -3.99678656e+00 -6.24300567e+03],2,[ 1.27063144e+03 -3.99678656e+00 -6.24300567e+03],2,[ 1.27063144e+03 -3.99678656e+00 -6.24300567e+03],1,[ 1.27100373e+03 -3.65869071e+00 -6.24293011e+03],3,[ 1.27100373e+03 -3.65869071e+00 -6.24293011e+03],3,[ 1.27100373e+03 -3.65869071e+00 -6.24293011e+03],5,[ 1.27063340e+03 -2.95156542e+00 -6.24300591e+03],6,[ 1.27063340e+03 -2.95156542e+00 -6.24300591e+03],6,[ 1.27063340e+03 -2.95156542e+00 -6.24300591e+03],6,[ 1.27063340e+03 -2.95156542e+00 -6.24300591e+03],0,[ 1.27063340e+03 -2.95156542e+00 -6.24300591e+03],0,[ 1.27063340e+03 -2.95156542e+00 -6.24300591e+03],6
9,9,Solca Hospital,-0.136678,-78.468931,"[1273.5546604094682, -3.038046354069183, -6242.410615877786]",[9.99359956e-01 8.29660536e-01 2.51204605e-04],[ 1.99898707e-01 -4.76855494e-04 -9.79816452e-01],2,[ 1.27094479e+03 -3.84982497e+00 -6.24294188e+03],2,[ 1.27094479e+03 -3.84982497e+00 -6.24294188e+03],2,[ 1.27094479e+03 -3.84982497e+00 -6.24294188e+03],3,[ 1.27188648e+03 -3.34122943e+00 -6.24275044e+03],0,[ 1.27188648e+03 -3.34122943e+00 -6.24275044e+03],0,[ 1.27188648e+03 -3.34122943e+00 -6.24275044e+03],1,[ 1.27188648e+03 -3.34122943e+00 -6.24275044e+03],4,[ 1.27188648e+03 -3.34122943e+00 -6.24275044e+03],4,[ 1.27188648e+03 -3.34122943e+00 -6.24275044e+03],3,[ 1.27303979e+03 -2.81236903e+00 -6.24251571e+03],1,[ 1.27303979e+03 -2.81236903e+00 -6.24251571e+03],1,[ 1.27303979e+03 -2.81236903e+00 -6.24251571e+03],2,[ 1.27303979e+03 -2.81236903e+00 -6.24251571e+03],1,[ 1.27303979e+03 -2.81236903e+00 -6.24251571e+03],1,[ 1.27303979e+03 -2.81236903e+00 -6.24251571e+03],3,[ 1.27303979e+03 -2.81236903e+00 -6.24251571e+03],3,[ 1.27303979e+03 -2.81236903e+00 -6.24251571e+03],3,[ 1.27303979e+03 -2.81236903e+00 -6.24251571e+03],1,[ 1.27303979e+03 -2.81236903e+00 -6.24251571e+03],3,[ 1.27303979e+03 -2.81236903e+00 -6.24251571e+03],3,[ 1.27303979e+03 -2.81236903e+00 -6.24251571e+03],1
10,10,Police Hospital,-0.182435,-78.504645,"[1269.660538248347, -4.0427288895893865, -6243.203246247718]",[9.98842304e-01 8.29526982e-01 1.45839038e-04],[ 1.99287480e-01 -6.34551701e-04 -9.79940864e-01],2,[ 1.27094479e+03 -3.84982497e+00 -6.24294188e+03],2,[ 1.27094479e+03 -3.84982497e+00 -6.24294188e+03],2,[ 1.27094479e+03 -3.84982497e+00 -6.24294188e+03],0,[ 1.26976940e+03 -4.45603343e+00 -6.24318074e+03],3,[ 1.26976940e+03 -4.45603343e+00 -6.24318074e+03],3,[ 1.26976940e+03 -4.45603343e+00 -6.24318074e+03],3,[ 1.26976940e+03 -4.45603343e+00 -6.24318074e+03],0,[ 1.26976940e+03 -4.45603343e+00 -6.24318074e+03],0,[ 1.26976940e+03 -4.45603343e+00 -6.24318074e+03],1,[ 1.27063144e+03 -3.99678656e+00 -6.24300567e+03],2,[ 1.27063144e+03 -3.99678656e+00 -6.24300567e+03],2,[ 1.27063144e+03 -3.99678656e+00 -6.24300567e+03],6,[ 1.26992285e+03 -4.54728179e+00 -6.24314952e+03],6,[ 1.26992285e+03 -4.54728179e+00 -6.24314952e+03],6,[ 1.26992285e+03 -4.54728179e+00 -6.24314952e+03],1,[ 1.26973853e+03 -4.53840211e+00 -6.24318702e+03],7,[ 1.26973853e+03 -4.53840211e+00 -6.24318702e+03],7,[ 1.26973853e+03 -4.53840211e+00 -6.24318702e+03],3,[ 1.26973853e+03 -4.53840211e+00 -6.24318702e+03],8,[ 1.26973853e+03 -4.53840211e+00 -6.24318702e+03],8,[ 1.26973853e+03 -4.53840211e+00 -6.24318702e+03],3
11,11,Hospital Vozandes Quito,-0.172858,-78.489477,"[1271.313917038661, -3.835491020084477, -6242.866906586464]",[9.99062091e-01 8.29554531e-01 1.90549184e-04],[ 1.99546997e-01 -6.02023390e-04 -9.79888072e-01],2,[ 1.27094479e+03 -3.84982497e+00 -6.24294188e+03],2,[ 1.27094479e+03 -3.84982497e+00 -6.24294188e+03],2,[ 1.27094479e+03 -3.84982497e+00 -6.24294188e+03],3,[ 1.27188648e+03 -3.34122943e+00 -6.24275044e+03],0,[ 1.27188648e+03 -3.34122943e+00 -6.24275044e+03],0,[ 1.27188648e+03 -3.34122943e+00 -6.24275044e+03],1,[ 1.27188648e+03 -3.34122943e+00 -6.24275044e+03],4,[ 1.27188648e+03 -3.34122943e+00 -6.24275044e+03],4,[ 1.27188648e+03 -3.34122943e+00 -6.24275044e+03],1,[ 1.27063144e+03 -3.99678656e+00 -6.24300567e+03],2,[ 1.27063144e+03 -3.99678656e+00 -6.24300567e+03],2,[ 1.27063144e+03 -3.99678656e+00 -6.24300567e+03],1,[ 1.27100373e+03 -3.65869071e+00 -6.24293011e+03],3,[ 1.27100373e+03 -3.65869071e+00 -6.24293011e+03],3,[ 1.27100373e+03 -3.65869071e+00 -6.24293011e+03],7,[ 1.27119474e+03 -4.33645194e+00 -6.24289082e+03],1,[ 1.27119474e+03 -4.33645194e+00 -6.24289082e+03],1,[ 1.27119474e+03 -4.33645194e+00 -6.24289082e+03],7,[ 1.27119474e+03 -4.33645194e+00 -6.24289082e+03],6,[ 1.27119474e+03 -4.33645194e+00 -6.24289082e+03],6,[ 1.27119474e+03 -4.33645194e+00 -6.24289082e+03],7
12,12,Axxis Hospital,-0.170256,-78.488236,"[1271.449306616047, -3.7781580447349823, -6242.8393689272]",[9.99080088e-01 8.29562152e-01 1.94209807e-04],[ 1.99568248e-01 -5.93024336e-04 -9.79883750e-01],2,[ 1.27094479e+03 -3.84982497e+00 -6.24294188e+03],2,[ 1.27094479e+03 -3.84982497e+00 -6.24294188e+03],2,[ 1.27094479e+03 -3.84982497e+00 -6.24294188e+03],3,[ 1.27188648e+03 -3.34122943e+00 -6.24275044e+03],0,[ 1.27188648e+03 -3.34122943e+00 -6.24275044e+03],0,[ 1.27188648e+03 -3.34122943e+00 -6.24275044e+03],1,[ 1.27188648e+03 -3.34122943e+00 -6.24275044e+03],4,[ 1.27188648e+03 -3.34122943e+00 -6.24275044e+03],4,[ 1.27188648e+03 -3.34122943e+00 -6.24275044e+03],1,[ 1.27063144e+03 -3.99678656e+00 -6.24300567e+03],2,[ 1.27063144e+03 -3.99678656e+00 -6.24300567e+03],2,[ 1.27063144e+03 -3.99678656e+00 -6.24300567e+03],1,[ 1.27100373e+03 -3.65869071e+00 -6.24293011e+03],3,[ 1.27100373e+03 -3.65869071e+00 -6.24293011e+03],3,[ 1.27100373e+03 -3.65869071e+00 -6.24293011e+03],7,[ 1.27119474e+03 -4.33645194e+00 -6.24289082e+03],1,[ 1.27119474e+03 -4.33645194e+00 -6.24289082e+03],1,[ 1.27119474e+03 -4.33645194e+00 -6.24289082e+03],7,[ 1.27119474e+03 -4.33645194e+00 -6.24289082e+03],6,[ 1.27119474e+03 -4.33645194e+00 -6.24289082e+03],6,[ 1.27119474e+03 -4.33645194e+00 -6.24289082e+03],7
13,13,Hospital Metropolitano,-0.184376,-78.503705,"[1269.7628264490693, -4.086070579543912, -6243.182415130547]",[9.98855902e-01 8.29521221e-01 1.48608151e-04],[ 1.99303536e-01 -6.41354666e-04 -9.79937595e-01],2,[ 1.27094479e+03 -3.84982497e+00 -6.24294188e+03],2,[ 1.27094479e+03 -3.84982497e+00 -6.24294188e+03],2,[ 1.27094479e+03 -3.84982497e+00 -6.24294188e+03],0,[ 1.26976940e+03 -4.45603343e+00 -6.24318074e+03],3,[ 1.26976940e+03 -4.45603343e+00 -6.24318074e+03],3,[ 1.26976940e+03 -4.45603343e+00 -6.24318074e+03],3,[ 1.26976940e+03 -4.45603343e+00 -6.24318074e+03],0,[ 1.26976940e+03 -4.45603343e+00 -6.24318074e+03],0,[ 1.26976940e+03 -4.45603343e+00 -6.24318074e+03],1,[ 1.27063144e+03 -3.99678656e+00 -6.24300567e+03],2,[ 1.27063144e+03 -3.99678656e+00 -6.24300567e+03],2,[ 1.27063144e+03 -3.99678656e+00 -6.24300567e+03],6,[ 1.26992285e+03 -4.54728179e+00 -6.24314952e+03],6,[ 1.26992285e+03 -4.54728179e+00 -6.24314952e+03],6,[ 1.26992285e+03 -4.54728179e+00 -6.24314952e+03],1,[ 1.26973853e+03 -4.53840211e+00 -6.24318702e+03],7,[ 1.26973853e+03 -4.53840211e+00 -6.24318702e+03],7,[ 1.26973853e+03 -4.53840211e+00 -6.24318702e+03],3,[ 1.26973853e+03 -4.53840211e+00 -6.24318702e+03],8,[ 1.26973853e+03 -4.53840211e+00 -6.24318702e+03],8,[ 1.26973853e+03 -4.53840211e+00 -6.24318702e+03],3
14,14,"HOSPITAL DE LOS VALLES, EL BOSQUE",-0.160739,-78.498302,"[1270.3531290881904, -3.5638895055380213, -6243.062647940306]",[9.98934372e-01 8.29590635e-01 1.64528986e-04],[ 1.99396190e-01 -5.59392482e-04 -9.79918796e-01],2,[ 1.27094479e+03 -3.84982497e+00 -6.24294188e+03],2,[ 1.27094479e+03 -3.84982497e+00 -6.24294188e+03],2,[ 1.27094479e+03 -3.84982497e+00 -6.24294188e+03],0,[ 1.26976940e+03 -4.45603343e+00 -6.24318074e+03],3,[ 1.26976940e+03 -4.45603343e+00 -6.24318074e+03],3,[ 1.26976940e+03 -4.45603343e+00 -6.24318074e+03],3,[ 1.26976940e+03 -4.45603343e+00 -6.24318074e+03],0,[ 1.26976940e+03 -4.45603343e+00 -6.24318074e+03],0,[ 1.26976940e+03 -4.45603343e+00 -6.24318074e+03],1,[ 1.27063144e+03 -3.99678656e+00 -6.24300567e+03],2,[ 1.27063144e+03 -3.99678656e+00 -6.24300567e+03],2,[ 1.27063144e+03 -3.99678656e+00 -6.24300567e+03],1,[ 1.27100373e+03 -3.65869071e+00 -6.24293011e+03],3,[ 1.27100373e+03 -3.65869071e+00 -6.24293011e+03],3,[ 1.27100373e+03 -3.65869071e+00 -6.24293011e+03],5,[ 1.27063340e+03 -2.95156542e+00 -6.24300591e+03],6,[ 1.27063340e+03 -2.95156542e+00 -6.24300591e+03],6,[ 1.27063340e+03 -2.95156542e+00 -6.24300591e+03],6,[ 1.27063340e+03 -2.95156542e+00 -6.24300591e+03],0,[ 1.27063340e+03 -2.95156542e+00 -6.24300591e+03],0,[ 1.27063340e+03 -2.95156542e+00 -6.24300591e+03],6
15,15,NUEVA CLÍNICA INTERNACIONAL,-0.185872,-78.495143,"[1270.6956507678788, -4.1222507583771915, -6242.992597318075]",[9.98979904e-01 8.29516411e-01 1.73840923e-04],[ 1.99449953e-01 -6.47033552e-04 -9.79907801e-01],2,[ 1.27094479e+03 -3.84982497e+00 -6.24294188e+03],2,[ 1.27094479e+03 -3.84982497e+00 -6.24294188e+03],2,[ 1.27094479e+03 -3.84982497e+00 -6.24294188e+03],0,[ 1.26976940e+03 -4.45603343e+00 -6.24318074e+03],3,[ 1.26976940e+03 -4.45603343e+00 -6.24318074e+03],3,[ 1.26976940e+03 -4.45603343e+00 -6.24318074e+03],3,[ 1.26976940e+03 -4.45603343e+00 -6.24318074e+03],0,[ 1.26976940e+03 -4.45603343e+00 -6.24318074e+03],0,[ 1.26976940e+03 -4.45603343e+00 -6.24318074e+03],1,[ 1.27063144e+03 -3.99678656e+00 -6.24300567e+03],2,[ 1.27063144e+03 -3.99678656e+00 -6.24300567e+03],2,[ 1.27063144e+03 -3.99678656e+00 -6.24300567e+03],1,[ 1.27100373e+03 -3.65869071e+00 -6.24293011e+03],3,[ 1.27100373e+03 -3.65869071e+00 -6.24293011e+03],3,[ 1.27100373e+03 -3.65869071e+00 -6.24293011e+03],7,[ 1.27119474e+03 -4.33645194e+00 -6.24289082e+03],1,[ 1.27119474e+03 -4.33645194e+00 -6.24289082e+03],1,[ 1.27119474e+03 -4.33645194e+00 -6.24289082e+03],7,[ 1.27119474e+03 -4.33645194e+00 -6.24289082e+03],6,[ 1.27119474e+03 -4.33645194e+00 -6.24289082e+03],6,[ 1.27119474e+03 -4.33645194e+00 -6.24289082e+03],7
16,16,CENTRO CLÍNICO QUIRURGÍCO AMBULATORIO HOSPITAL DEL DÍA EL BATAN (IESS),-0.162131,-78.473608,"[1273.0436208800468, -3.602366316602811, -6242.514554431855]",[9.99292023e-01 8.29585521e-01 2.37387894e-04],[ 1.99818493e-01 -5.65431850e-04 -9.79832766e-01],2,[ 1.27094479e+03 -3.84982497e+00 -6.24294188e+03],2,[ 1.27094479e+03 -3.84982497e+00 -6.24294188e+03],2,[ 1.27094479e+03 -3.84982497e+00 -6.24294188e+03],3,[ 1.27188648e+03 -3.34122943e+00 -6.24275044e+03],0,[ 1.27188648e+03 -3.34122943e+00 -6.24275044e+03],0,[ 1.27188648e+03 -3.34122943e+00 -6.24275044e+03],1,[ 1.27188648e+03 -3.34122943e+00 -6.24275044e+03],4,[ 1.27188648e+03 -3.34122943e+00 -6.24275044e+03],4,[ 1.27188648e+03 -3.34122943e+00 -6.24275044e+03],3,[ 1.27303979e+03 -2.81236903e+00 -6.24251571e+03],1,[ 1.27303979e+03 -2.81236903e+00 -6.24251571e+03],1,[ 1.27303979e+03 -2.81236903e+00 -6.24251571e+03],2,[ 1.27303979e+03 -2.81236903e+00 -6.24251571e+03],1,[ 1.27303979e+03 -2.81236903e+00 -6.24251571e+03],1,[ 1.27303979e+03 -2.81236903e+00 -6.24251571e+03],3,[ 1.27303979e+03 -2.81236903e+00 -6.24251571e+03],3,[ 1.27303979e+03 -2.81236903e+00 -6.24251571e+03],3,[ 1.27303979e+03 -2.81236903e+00 -6.24251571e+03],1,[ 1.27303979e+03 -2.81236903e+00 -6.24251571e+03],3,[ 1.27303979e+03 -2.81236903e+00 -6.24251571e+03],3,[ 1.27303979e+03 -2.81236903e+00 -6.24251571e+03],1
17,17,Day Hospital,-0.199487,-78.505968,"[1269.5151194127736, -4.420094954849786, -6243.232562090168]",[9.98822974e-01 8.29476819e-01 1.41942039e-04],[ 1.99264655e-01 -6.93783543e-04 -9.79945466e-01],2,[ 1.27094479e+03 -3.84982497e+00 -6.24294188e+03],2,[ 1.27094479e+03 -3.84982497e+00 -6.24294188e+03],2,[ 1.27094479e+03 -3.84982497e+00 -6.24294188e+03],0,[ 1.26976940e+03 -4.45603343e+00 -6.24318074e+03],3,[ 1.26976940e+03 -4.45603343e+00 -6.24318074e+03],3,[ 1.26976940e+03 -4.45603343e+00 -6.24318074e+03],3,[ 1.26976940e+03 -4.45603343e+00 -6.24318074e+03],0,[ 1.26976940e+03 -4.45603343e+00 -6.24318074e+03],0,[ 1.26976940e+03 -4.45603343e+00 -6.24318074e+03],1,[ 1.27063144e+03 -3.99678656e+00 -6.24300567e+03],2,[ 1.27063144e+03 -3.99678656e+00 -6.24300567e+03],2,[ 1.27063144e+03 -3.99678656e+00 -6.24300567e+03],6,[ 1.26992285e+03 -4.54728179e+00 -6.24314952e+03],6,[ 1.26992285e+03 -4.54728179e+00 -6.24314952e+03],6,[ 1.26992285e+03 -4.54728179e+00 -6.24314952e+03],1,[ 1.26973853e+03 -4.53840211e+00 -6.24318702e+03],7,[ 1.26973853e+03 -4.53840211e+00 -6.24318702e+03],7,[ 1.26973853e+03 -4.53840211e+00 -6.24318702e+03],3,[ 1.26973853e+03 -4.53840211e+00 -6.24318702e+03],8,[ 1.26973853e+03 -4.53840211e+00 -6.24318702e+03],8,[ 1.26973853e+03 -4.53840211e+00 -6.24318702e+03],3
18,18,Hospital Carlos Andrade Marín,-0.205317,-78.504672,"[1269.655880446255, -4.549777565589159, -6243.203844563491]",[9.98841685e-01 8.29459580e-01 1.45759503e-04],[ 1.99286749e-01 -7.14138686e-04 -9.79940958e-01],2,[ 1.27094479e+03 -3.84982497e+00 -6.24294188e+03],2,[ 1.27094479e+03 -3.84982497e+00 -6.24294188e+03],2,[ 1.27094479e+03 -3.84982497e+00 -6.24294188e+03],0,[ 1.26976940e+03 -4.45603343e+00 -6.24318074e+03],3,[ 1.26976940e+03 -4.45603343e+00 -6.24318074e+03],3,[ 1.26976940e+03 -4.45603343e+00 -6.24318074e+03],3,[ 1.26976940e+03 -4.45603343e+00 -6.24318074e+03],0,[ 1.26976940e+03 -4.45603343e+00 -6.24318074e+03],0,[ 1.26976940e+03 -4.45603343e+00 -6.24318074e+03],1,[ 1.27063144e+03 -3.99678656e+00 -6.24300567e+03],2,[ 1.27063144e+03 -3.99678656e+00 -6.24300567e+03],2,[ 1.27063144e+03 -3.99678656e+00 -6.24300567e+03],6,[ 1.26992285e+03 -4.54728179e+00 -6.24314952e+03],6,[ 1.26992285e+03 -4.54728179e+00 -6.24314952e+03],6,[ 1.26992285e+03 -4.54728179e+00 -6.24314952e+03],1,[ 1.26973853e+03 -4.53840211e+00 -6.24318702e+03],7,[ 1.26973853e+03 -4.53840211e+00 -6.24318702e+03],7,[ 1.26973853e+03 -4.53840211e+00 -6.24318702e+03],3,[ 1.26973853e+03 -4.53840211e+00 -6.24318702e+03],8,[ 1.26973853e+03 -4.53840211e+00 -6.24318702e+03],8,[ 1.26973853e+03 -4.53840211e+00 -6.24318702e+03],3
19,19,Hospital Santa Barbara,-0.21671,-78.510062,"[1269.0676307717854, -4.800021224415466, -6243.323258355564]",[9.98763488e-01 8.29426314e-01 1.29885645e-04],[ 1.99194417e-01 -7.53417238e-04 -9.79959702e-01],2,[ 1.27094479e+03 -3.84982497e+00 -6.24294188e+03],2,[ 1.27094479e+03 -3.84982497e+00 -6.24294188e+03],2,[ 1.27094479e+03 -3.84982497e+00 -6.24294188e+03],0,[ 1.26976940e+03 -4.45603343e+00 -6.24318074e+03],3,[ 1.26976940e+03 -4.45603343e+00 -6.24318074e+03],3,[ 1.26976940e+03 -4.45603343e+00 -6.24318074e+03],3,[ 1.26976940e+03 -4.45603343e+00 -6.24318074e+03],0,[ 1.26976940e+03 -4.45603343e+00 -6.24318074e+03],0,[ 1.26976940e+03 -4.45603343e+00 -6.24318074e+03],4,[ 1.26818311e+03 -5.24392592e+00 -6.24350258e+03],4,[ 1.26818311e+03 -5.24392592e+00 -6.24350258e+03],4,[ 1.26818311e+03 -5.24392592e+00 -6.24350258e+03],6,[ 1.26992285e+03 -4.54728179e+00 -6.24314952e+03],6,[ 1.26992285e+03 -4.54728179e+00 -6.24314952e+03],6,[ 1.26992285e+03 -4.54728179e+00 -6.24314952e+03],1,[ 1.26973853e+03 -4.53840211e+00 -6.24318702e+03],7,[ 1.26973853e+03 -4.53840211e+00 -6.24318702e+03],7,[ 1.26973853e+03 -4.53840211e+00 -6.24318702e+03],3,[ 1.26973853e+03 -4.53840211e+00 -6.24318702e+03],8,[ 1.26973853e+03 -4.53840211e+00 -6.24318702e+03],8,[ 1.26973853e+03 -4.53840211e+00 -6.24318702e+03],3
20,20,"Specialist Hospital ""Eugenio Espejo""",-0.214719,-78.498197,"[1270.3606485865387, -4.7607668029545716, -6243.060319876962]",[9.98935371e-01 8.29431533e-01 1.64838459e-04],[ 1.99397371e-01 -7.47255816e-04 -9.79918430e-01],2,[ 1.27094479e+03 -3.84982497e+00 -6.24294188e+03],2,[ 1.27094479e+03 -3.84982497e+00 -6.24294188e+03],2,[ 1.27094479e+03 -3.84982497e+00 -6.24294188e+03],0,[ 1.26976940e+03 -4.45603343e+00 -6.24318074e+03],3,[ 1.26976940e+03 -4.45603343e+00 -6.24318074e+03],3,[ 1.26976940e+03 -4.45603343e+00 -6.24318074e+03],3,[ 1.26976940e+03 -4.45603343e+00 -6.24318074e+03],0,[ 1.26976940e+03 -4.45603343e+00 -6.24318074e+03],0,[ 1.26976940e+03 -4.45603343e+00 -6.24318074e+03],1,[ 1.27063144e+03 -3.99678656e+00 -6.24300567e+03],2,[ 1.27063144e+03 -3.99678656e+00 -6.24300567e+03],2,[ 1.27063144e+03 -3.99678656e+00 -6.24300567e+03],6,[ 1.26992285e+03 -4.54728179e+00 -6.24314952e+03],6,[ 1.26992285e+03 -4.54728179e+00 -6.24314952e+03],6,[ 1.26992285e+03 -4.54728179e+00 -6.24314952e+03],1,[ 1.26973853e+03 -4.53840211e+00 -6.24318702e+03],7,[ 1.26973853e+03 -4.53840211e+00 -6.24318702e+03],7,[ 1.26973853e+03 -4.53840211e+00 -6.24318702e+03],3,[ 1.26973853e+03 -4.53840211e+00 -6.24318702e+03],8,[ 1.26973853e+03 -4.53840211e+00 -6.24318702e+03],8,[ 1.26973853e+03 -4.53840211e+00 -6.24318702e+03],3
21,21,Hospital Inglés,-0.206125,-78.49979,"[1270.1877726139362, -4.569596336407029, -6243.095637669774]",[9.98912391e-01 8.29456945e-01 1.60143611e-04],[ 1.99370236e-01 -7.17249464e-04 -9.79923974e-01],2,[ 1.27094479e+03 -3.84982497e+00 -6.24294188e+03],2,[ 1.27094479e+03 -3.84982497e+00 -6.24294188e+03],2,[ 1.27094479e+03 -3.84982497e+00 -6.24294188e+03],0,[ 1.26976940e+03 -4.45603343e+00 -6.24318074e+03],3,[ 1.26976940e+03 -4.45603343e+00 -6.24318074e+03],3,[ 1.26976940e+03 -4.45603343e+00 -6.24318074e+03],3,[ 1.26976940e+03 -4.45603343e+00 -6.24318074e+03],0,[ 1.26976940e+03 -4.45603343e+00 -6.24318074e+03],0,[ 1.26976940e+03 -4.45603343e+00 -6.24318074e+03],1,[ 1.27063144e+03 -3.99678656e+00 -6.24300567e+03],2,[ 1.27063144e+03 -3.99678656e+00 -6.24300567e+03],2,[ 1.27063144e+03 -3.99678656e+00 -6.24300567e+03],6,[ 1.26992285e+03 -4.54728179e+00 -6.24314952e+03],6,[ 1.26992285e+03 -4.54728179e+00 -6.24314952e+03],6,[ 1.26992285e+03 -4.54728179e+00 -6.24314952e+03],1,[ 1.26973853e+03 -4.53840211e+00 -6.24318702e+03],7,[ 1.26973853e+03 -4.53840211e+00 -6.24318702e+03],7,[ 1.26973853e+03 -4.53840211e+00 -6.24318702e+03],3,[ 1.26973853e+03 -4.53840211e+00 -6.24318702e+03],8,[ 1.26973853e+03 -4.53840211e+00 -6.24318702e+03],8,[ 1.26973853e+03 -4.53840211e+00 -6.24318702e+03],3
22,22,Hospital militar,-0.212915,-78.492775,"[1270.951579821105, -4.722963951827213, -6242.940074625236]",[9.99013925e-01 8.29436558e-01 1.80822844e-04],[ 1.99490124e-01 -7.41322234e-04 -9.79899557e-01],2,[ 1.27094479e+03 -3.84982497e+00 -6.24294188e+03],2,[ 1.27094479e+03 -3.84982497e+00 -6.24294188e+03],2,[ 1.27094479e+03 -3.84982497e+00 -6.24294188e+03],0,[ 1.26976940e+03 -4.45603343e+00 -6.24318074e+03],3,[ 1.26976940e+03 -4.45603343e+00 -6.24318074e+03],3,[ 1.26976940e+03 -4.45603343e+00 -6.24318074e+03],3,[ 1.26976940e+03 -4.45603343e+00 -6.24318074e+03],0,[ 1.26976940e+03 -4.45603343e+00 -6.24318074e+03],0,[ 1.26976940e+03 -4.45603343e+00 -6.24318074e+03],1,[ 1.27063144e+03 -3.99678656e+00 -6.24300567e+03],2,[ 1.27063144e+03 -3.99678656e+00 -6.24300567e+03],2,[ 1.27063144e+03 -3.99678656e+00 -6.24300567e+03],6,[ 1.26992285e+03 -4.54728179e+00 -6.24314952e+03],3,[ 1.26992285e+03 -4.54728179e+00 -6.24314952e+03],3,[ 1.26992285e+03 -4.54728179e+00 -6.24314952e+03],7,[ 1.27119474e+03 -4.33645194e+00 -6.24289082e+03],1,[ 1.27119474e+03 -4.33645194e+00 -6.24289082e+03],1,[ 1.27119474e+03 -4.33645194e+00 -6.24289082e+03],7,[ 1.27119474e+03 -4.33645194e+00 -6.24289082e+03],6,[ 1.27119474e+03 -4.33645194e+00 -6.24289082e+03],6,[ 1.27119474e+03 -4.33645194e+00 -6.24289082e+03],7
23,23,Hospital Baca Ortiz,-0.202768,-78.48623,"[1271.6655258397561, -4.500403939293384, -6242.79484980526]",[9.99108831e-01 8.29466143e-01 2.00127802e-04],[ 1.99602186e-01 -7.06388940e-04 -9.79876762e-01],2,[ 1.27094479e+03 -3.84982497e+00 -6.24294188e+03],2,[ 1.27094479e+03 -3.84982497e+00 -6.24294188e+03],2,[ 1.27094479e+03 -3.84982497e+00 -6.24294188e+03],3,[ 1.27188648e+03 -3.34122943e+00 -6.24275044e+03],0,[ 1.27188648e+03 -3.34122943e+00 -6.24275044e+03],0,[ 1.27188648e+03 -3.34122943e+00 -6.24275044e+03],1,[ 1.27188648e+03 -3.34122943e+00 -6.24275044e+03],4,[ 1.27188648e+03 -3.34122943e+00 -6.24275044e+03],4,[ 1.27188648e+03 -3.34122943e+00 -6.24275044e+03],1,[ 1.27063144e+03 -3.99678656e+00 -6.24300567e+03],2,[ 1.27063144e+03 -3.99678656e+00 -6.24300567e+03],2,[ 1.27063144e+03 -3.99678656e+00 -6.24300567e+03],1,[ 1.27100373e+03 -3.65869071e+00 -6.24293011e+03],3,[ 1.27100373e+03 -3.65869071e+00 -6.24293011e+03],3,[ 1.27100373e+03 -3.65869071e+00 -6.24293011e+03],7,[ 1.27119474e+03 -4.33645194e+00 -6.24289082e+03],1,[ 1.27119474e+03 -4.33645194e+00 -6.24289082e+03],1,[ 1.27119474e+03 -4.33645194e+00 -6.24289082e+03],7,[ 1.27119474e+03 -4.33645194e+00 -6.24289082e+03],6,[ 1.27119474e+03 -4.33645194e+00 -6.24289082e+03],6,[ 1.27119474e+03 -4.33645194e+00 -6.24289082e+03],7
24,24,Gineco-Obstetrico Isidro Ayora,-0.214839,-78.49971,"[1270.195779886443, -4.762809274988588, -6243.093864135512]",[9.98913455e-01 8.29431261e-01 1.60379370e-04],[ 1.99371493e-01 -7.47576405e-04 -9.79923696e-01],2,[ 1.27094479e+03 -3.84982497e+00 -6.24294188e+03],2,[ 1.27094479e+03 -3.84982497e+00 -6.24294188e+03],2,[ 1.27094479e+03 -3.84982497e+00 -6.24294188e+03],0,[ 1.26976940e+03 -4.45603343e+00 -6.24318074e+03],3,[ 1.26976940e+03 -4.45603343e+00 -6.24318074e+03],3,[ 1.26976940e+03 -4.45603343e+00 -6.24318074e+03],3,[ 1.26976940e+03 -4.45603343e+00 -6.24318074e+03],0,[ 1.26976940e+03 -4.45603343e+00 -6.24318074e+03],0,[ 1.26976940e+03 -4.45603343e+00 -6.24318074e+03],1,[ 1.27063144e+03 -3.99678656e+00 -6.24300567e+03],2,[ 1.27063144e+03 -3.99678656e+00 -6.24300567e+03],2,[ 1.27063144e+03 -3.99678656e+00 -6.24300567e+03],6,[ 1.26992285e+03 -4.54728179e+00 -6.24314952e+03],6,[ 1.26992285e+03 -4.54728179e+00 -6.24314952e+03],6,[ 1.26992285e+03 -4.54728179e+00 -6.24314952e+03],1,[ 1.26973853e+03 -4.53840211e+00 -6.24318702e+03],7,[ 1.26973853e+03 -4.53840211e+00 -6.24318702e+03],7,[ 1.26973853e+03 -4.53840211e+00 -6.24318702e+03],3,[ 1.26973853e+03 -4.53840211e+00 -6.24318702e+03],8,[ 1.26973853e+03 -4.53840211e+00 -6.24318702e+03],8,[ 1.26973853e+03 -4.53840211e+00 -6.24318702e+03],3
25,25,"Centro de Medicina Familiar Integral y Especialidades ""La Mariscal"" IESS",-0.20173,-78.487901,"[1271.4835400609188, -4.476724753534721, -6242.831934810486]",[9.99084639e-01 8.29469291e-01 1.95198035e-04],[ 1.99573621e-01 -7.02672226e-04 -9.79882583e-01],2,[ 1.27094479e+03 -3.84982497e+00 -6.24294188e+03],2,[ 1.27094479e+03 -3.84982497e+00 -6.24294188e+03],2,[ 1.27094479e+03 -3.84982497e+00 -6.24294188e+03],3,[ 1.27188648e+03 -3.34122943e+00 -6.24275044e+03],0,[ 1.27188648e+03 -3.34122943e+00 -6.24275044e+03],0,[ 1.27188648e+03 -3.34122943e+00 -6.24275044e+03],1,[ 1.27188648e+03 -3.34122943e+00 -6.24275044e+03],4,[ 1.27188648e+03 -3.34122943e+00 -6.24275044e+03],4,[ 1.27188648e+03 -3.34122943e+00 -6.24275044e+03],1,[ 1.27063144e+03 -3.99678656e+00 -6.24300567e+03],2,[ 1.27063144e+03 -3.99678656e+00 -6.24300567e+03],2,[ 1.27063144e+03 -3.99678656e+00 -6.24300567e+03],1,[ 1.27100373e+03 -3.65869071e+00 -6.24293011e+03],3,[ 1.27100373e+03 -3.65869071e+00 -6.24293011e+03],3,[ 1.27100373e+03 -3.65869071e+00 -6.24293011e+03],7,[ 1.27119474e+03 -4.33645194e+00 -6.24289082e+03],1,[ 1.27119474e+03 -4.33645194e+00 -6.24289082e+03],1,[ 1.27119474e+03 -4.33645194e+00 -6.24289082e+03],7,[ 1.27119474e+03 -4.33645194e+00 -6.24289082e+03],6,[ 1.27119474e+03 -4.33645194e+00 -6.24289082e+03],6,[ 1.27119474e+03 -4.33645194e+00 -6.24289082e+03],7
26,26,Dermatologico Gonzalo Gonzales,-0.217357,-78.484083,"[1271.8982674955446, -4.825090439088922, -6242.747192994771]",[9.99139769e-01 8.29422982e-01 2.06462894e-04],[ 1.99638717e-01 -7.57352133e-04 -9.79869282e-01],2,[ 1.27094479e+03 -3.84982497e+00 -6.24294188e+03],2,[ 1.27094479e+03 -3.84982497e+00 -6.24294188e+03],2,[ 1.27094479e+03 -3.84982497e+00 -6.24294188e+03],3,[ 1.27188648e+03 -3.34122943e+00 -6.24275044e+03],0,[ 1.27188648e+03 -3.34122943e+00 -6.24275044e+03],0,[ 1.27188648e+03 -3.34122943e+00 -6.24275044e+03],1,[ 1.27188648e+03 -3.34122943e+00 -6.24275044e+03],4,[ 1.27188648e+03 -3.34122943e+00 -6.24275044e+03],4,[ 1.27188648e+03 -3.34122943e+00 -6.24275044e+03],1,[ 1.27063144e+03 -3.99678656e+00 -6.24300567e+03],2,[ 1.27063144e+03 -3.99678656e+00 -6.24300567e+03],2,[ 1.27063144e+03 -3.99678656e+00 -6.24300567e+03],1,[ 1.27100373e+03 -3.65869071e+00 -6.24293011e+03],3,[ 1.27100373e+03 -3.65869071e+00 -6.24293011e+03],3,[ 1.27100373e+03 -3.65869071e+00 -6.24293011e+03],7,[ 1.27119474e+03 -4.33645194e+00 -6.24289082e+03],1,[ 1.27119474e+03 -4.33645194e+00 -6.24289082e+03],1,[ 1.27119474e+03 -4.33645194e+00 -6.24289082e+03],7,[ 1.27119474e+03 -4.33645194e+00 -6.24289082e+03],6,[ 1.27119474e+03 -4.33645194e+00 -6.24289082e+03],6,[ 1.27119474e+03 -4.33645194e+00 -6.24289082e+03],7
27,27,SIME Sistemas Médicos de la USFQ,-0.199036,-78.436008,"[1277.1373487963674, -4.436580390851064, -6241.677779977417]",[9.99836208e-01 8.29474627e-01 3.48621601e-04],[ 2.00461050e-01 -6.96371118e-04 -9.79701425e-01],0,[ 1.27667449e+03 -5.63210863e+00 -6.24177115e+03],1,[ 1.27667449e+03 -5.63210863e+00 -6.24177115e+03],1,[ 1.27667449e+03 -5.63210863e+00 -6.24177115e+03],1,[ 1.27667449e+03 -5.63210863e+00 -6.24177115e+03],1,[ 1.27667449e+03 -5.63210863e+00 -6.24177115e+03],1,[ 1.27667449e+03 -5.63210863e+00 -6.24177115e+03],2,[ 1.27752514e+03 -3.71607686e+00 -6.24159875e+03],3,[ 1.27752514e+03 -3.71607686e+00 -6.24159875e+03],3,[ 1.27752514e+03 -3.71607686e+00 -6.24159875e+03],0,[ 1.27752514e+03 -3.71607686e+00 -6.24159875e+03],5,[ 1.27752514e+03 -3.71607686e+00 -6.24159875e+03],5,[ 1.27752514e+03 -3.71607686e+00 -6.24159875e+03],5,[ 1.27752514e+03 -3.71607686e+00 -6.24159875e+03],5,[ 1.27752514e+03 -3.71607686e+00 -6.24159875e+03],5,[ 1.27752514e+03 -3.71607686e+00 -6.24159875e+03],4,[ 1.27752514e+03 -3.71607686e+00 -6.24159875e+03],4,[ 1.27752514e+03 -3.71607686e+00 -6.24159875e+03],4,[ 1.27752514e+03 -3.71607686e+00 -6.24159875e+03],2,[ 1.27775342e+03 -4.54760330e+00 -6.24155158e+03],5,[ 1.27775342e+03 -4.54760330e+00 -6.24155158e+03],5,[ 1.27775342e+03 -4.54760330e+00 -6.24155158e+03],2
28,28,HOSPITAL DE LOS VALLES,-0.208796,-78.42469,"[1278.3694997478353, -4.658626200842203, -6241.425375610638]",[1.00000000e+00 8.29445110e-01 3.82174099e-04],[ 2.00654450e-01 -7.31223701e-04 -9.79661808e-01],0,[ 1.27667449e+03 -5.63210863e+00 -6.24177115e+03],1,[ 1.27667449e+03 -5.63210863e+00 -6.24177115e+03],1,[ 1.27667449e+03 -5.63210863e+00 -6.24177115e+03],1,[ 1.27667449e+03 -5.63210863e+00 -6.24177115e+03],1,[ 1.27667449e+03 -5.63210863e+00 -6.24177115e+03],1,[ 1.27667449e+03 -5.63210863e+00 -6.24177115e+03],2,[ 1.27752514e+03 -3.71607686e+00 -6.24159875e+03],3,[ 1.27752514e+03 -3.71607686e+00 -6.24159875e+03],3,[ 1.27752514e+03 -3.71607686e+00 -6.24159875e+03],0,[ 1.27752514e+03 -3.71607686e+00 -6.24159875e+03],5,[ 1.27752514e+03 -3.71607686e+00 -6.24159875e+03],5,[ 1.27752514e+03 -3.71607686e+00 -6.24159875e+03],5,[ 1.27752514e+03 -3.71607686e+00 -6.24159875e+03],5,[ 1.27752514e+03 -3.71607686e+00 -6.24159875e+03],5,[ 1.27752514e+03 -3.71607686e+00 -6.24159875e+03],4,[ 1.27752514e+03 -3.71607686e+00 -6.24159875e+03],4,[ 1.27752514e+03 -3.71607686e+00 -6.24159875e+03],4,[ 1.27752514e+03 -3.71607686e+00 -6.24159875e+03],2,[ 1.27775342e+03 -4.54760330e+00 -6.24155158e+03],5,[ 1.27775342e+03 -4.54760330e+00 -6.24155158e+03],5,[ 1.27775342e+03 -4.54760330e+00 -6.24155158e+03],2
29,29,"South Hospital ""Enrique Garces""",-0.244402,-78.5411,"[1265.6829036564022, -5.398954544889338, -6244.009820514516]",[9.98313551e-01 8.29346697e-01 3.86198883e-05],[ 1.98663146e-01 -8.47426549e-04 -9.80067465e-01],1,[ 1.26654760e+03 -5.63885667e+00 -6.24383409e+03],0,[ 1.26654760e+03 -5.63885667e+00 -6.24383409e+03],0,[ 1.26654760e+03 -5.63885667e+00 -6.24383409e+03],2,[ 1.26602578e+03 -5.79642470e+00 -6.24393983e+03],2,[ 1.26602578e+03 -5.79642470e+00 -6.24393983e+03],2,[ 1.26602578e+03 -5.79642470e+00 -6.24393983e+03],0,[ 1.26602578e+03 -5.79642470e+00 -6.24393983e+03],2,[ 1.26602578e+03 -5.79642470e+00 -6.24393983e+03],2,[ 1.26602578e+03 -5.79642470e+00 -6.24393983e+03],2,[ 1.26542317e+03 -5.85821484e+00 -6.24406198e+03],0,[ 1.26542317e+03 -5.85821484e+00 -6.24406198e+03],0,[ 1.26542317e+03 -5.85821484e+00 -6.24406198e+03],0,[ 1.26542317e+03 -5.85821484e+00 -6.24406198e+03],4,[ 1.26542317e+03 -5.85821484e+00 -6.24406198e+03],4,[ 1.26542317e+03 -5.85821484e+00 -6.24406198e+03],2,[ 1.26523779e+03 -5.93880167e+00 -6.24409948e+03],2,[ 1.26523779e+03 -5.93880167e+00 -6.24409948e+03],2,[ 1.26523779e+03 -5.93880167e+00 -6.24409948e+03],4,[ 1.26542317e+03 -5.85821484e+00 -6.24406198e+03],2,[ 1.26542317e+03 -5.85821484e+00 -6.24406198e+03],2,[ 1.26542317e+03 -5.85821484e+00 -6.24406198e+03],4
30,30,Centro De Especialidades Sur Occidental IESS,-0.24314,-78.533278,"[1266.5354328552787, -5.374693847912781, -6243.83697016411]",[9.98426879e-01 8.29349922e-01 6.15971496e-05],[ 1.98796960e-01 -8.43618560e-04 -9.80040334e-01],1,[ 1.26654760e+03 -5.63885667e+00 -6.24383409e+03],0,[ 1.26654760e+03 -5.63885667e+00 -6.24383409e+03],0,[ 1.26654760e+03 -5.63885667e+00 -6.24383409e+03],2,[ 1.26602578e+03 -5.79642470e+00 -6.24393983e+03],2,[ 1.26602578e+03 -5.79642470e+00 -6.24393983e+03],2,[ 1.26602578e+03 -5.79642470e+00 -6.24393983e+03],0,[ 1.26602578e+03 -5.79642470e+00 -6.24393983e+03],2,[ 1.26602578e+03 -5.79642470e+00 -6.24393983e+03],2,[ 1.26602578e+03 -5.79642470e+00 -6.24393983e+03],2,[ 1.26542317e+03 -5.85821484e+00 -6.24406198e+03],0,[ 1.26542317e+03 -5.85821484e+00 -6.24406198e+03],0,[ 1.26542317e+03 -5.85821484e+00 -6.24406198e+03],0,[ 1.26542317e+03 -5.85821484e+00 -6.24406198e+03],0,[ 1.26542317e+03 -5.85821484e+00 -6.24406198e+03],0,[ 1.26542317e+03 -5.85821484e+00 -6.24406198e+03],6,[ 1.26767030e+03 -5.38176095e+00 -6.24360661e+03],2,[ 1.26767030e+03 -5.38176095e+00 -6.24360661e+03],2,[ 1.26767030e+03 -5.38176095e+00 -6.24360661e+03],4,[ 1.26542317e+03 -5.85821484e+00 -6.24406198e+03],4,[ 1.26542317e+03 -5.85821484e+00 -6.24406198e+03],4,[ 1.26542317e+03 -5.85821484e+00 -6.24406198e+03],4
31,31,Hospital Lenín Mosquera,-0.219106,-78.508473,"[1269.2405750236994, -4.853753338021421, -6243.2880602925925]",[9.98786478e-01 8.29419172e-01 1.34564578e-04],[ 1.99221563e-01 -7.61851097e-04 -9.79954177e-01],2,[ 1.27094479e+03 -3.84982497e+00 -6.24294188e+03],2,[ 1.27094479e+03 -3.84982497e+00 -6.24294188e+03],2,[ 1.27094479e+03 -3.84982497e+00 -6.24294188e+03],0,[ 1.26976940e+03 -4.45603343e+00 -6.24318074e+03],3,[ 1.26976940e+03 -4.45603343e+00 -6.24318074e+03],3,[ 1.26976940e+03 -4.45603343e+00 -6.24318074e+03],3,[ 1.26976940e+03 -4.45603343e+00 -6.24318074e+03],0,[ 1.26976940e+03 -4.45603343e+00 -6.24318074e+03],0,[ 1.26976940e+03 -4.45603343e+00 -6.24318074e+03],4,[ 1.26818311e+03 -5.24392592e+00 -6.24350258e+03],4,[ 1.26818311e+03 -5.24392592e+00 -6.24350258e+03],4,[ 1.26818311e+03 -5.24392592e+00 -6.24350258e+03],6,[ 1.26992285e+03 -4.54728179e+00 -6.24314952e+03],6,[ 1.26992285e+03 -4.54728179e+00 -6.24314952e+03],6,[ 1.26992285e+03 -4.54728179e+00 -6.24314952e+03],1,[ 1.26973853e+03 -4.53840211e+00 -6.24318702e+03],7,[ 1.26973853e+03 -4.53840211e+00 -6.24318702e+03],7,[ 1.26973853e+03 -4.53840211e+00 -6.24318702e+03],3,[ 1.26973853e+03 -4.53840211e+00 -6.24318702e+03],8,[ 1.26973853e+03 -4.53840211e+00 -6.24318702e+03],8,[ 1.26973853e+03 -4.53840211e+00 -6.24318702e+03],3
32,32,SAN LAZARO Outpatient Mental Health,-0.223637,-78.517898,"[1268.2131739546344, -4.950117309079601, -6243.496763973418]",[9.98649904e-01 8.29406362e-01 1.06821278e-04],[ 1.99060300e-01 -7.76976504e-04 -9.79986935e-01],1,[ 1.26654760e+03 -5.63885667e+00 -6.24383409e+03],0,[ 1.26654760e+03 -5.63885667e+00 -6.24383409e+03],0,[ 1.26654760e+03 -5.63885667e+00 -6.24383409e+03],0,[ 1.26976940e+03 -4.45603343e+00 -6.24318074e+03],3,[ 1.26976940e+03 -4.45603343e+00 -6.24318074e+03],3,[ 1.26976940e+03 -4.45603343e+00 -6.24318074e+03],3,[ 1.26976940e+03 -4.45603343e+00 -6.24318074e+03],0,[ 1.26976940e+03 -4.45603343e+00 -6.24318074e+03],0,[ 1.26976940e+03 -4.45603343e+00 -6.24318074e+03],4,[ 1.26818311e+03 -5.24392592e+00 -6.24350258e+03],4,[ 1.26818311e+03 -5.24392592e+00 -6.24350258e+03],4,[ 1.26818311e+03 -5.24392592e+00 -6.24350258e+03],4,[ 1.26785945e+03 -5.38293880e+00 -6.24356821e+03],0,[ 1.26785945e+03 -5.38293880e+00 -6.24356821e+03],0,[ 1.26785945e+03 -5.38293880e+00 -6.24356821e+03],6,[ 1.26767030e+03 -5.38176095e+00 -6.24360661e+03],5,[ 1.26767030e+03 -5.38176095e+00 -6.24360661e+03],5,[ 1.26767030e+03 -5.38176095e+00 -6.24360661e+03],0,[ 1.26785945e+03 -5.38293880e+00 -6.24356821e+03],4,[ 1.26785945e+03 -5.38293880e+00 -6.24356821e+03],4,[ 1.26785945e+03 -5.38293880e+00 -6.24356821e+03],0
33,33,Chimbacalle IESS Medical Center,-0.246292,-78.518716,"[1268.1219810993125, -5.451190739932543, -6243.5148694923655]",[9.98637782e-01 8.29339753e-01 1.04414484e-04],[ 1.99045987e-01 -8.55625607e-04 -9.79989777e-01],1,[ 1.26654760e+03 -5.63885667e+00 -6.24383409e+03],0,[ 1.26654760e+03 -5.63885667e+00 -6.24383409e+03],0,[ 1.26654760e+03 -5.63885667e+00 -6.24383409e+03],0,[ 1.26976940e+03 -4.45603343e+00 -6.24318074e+03],3,[ 1.26976940e+03 -4.45603343e+00 -6.24318074e+03],3,[ 1.26976940e+03 -4.45603343e+00 -6.24318074e+03],3,[ 1.26976940e+03 -4.45603343e+00 -6.24318074e+03],0,[ 1.26976940e+03 -4.45603343e+00 -6.24318074e+03],0,[ 1.26976940e+03 -4.45603343e+00 -6.24318074e+03],4,[ 1.26818311e+03 -5.24392592e+00 -6.24350258e+03],4,[ 1.26818311e+03 -5.24392592e+00 -6.24350258e+03],4,[ 1.26818311e+03 -5.24392592e+00 -6.24350258e+03],4,[ 1.26785945e+03 -5.38293880e+00 -6.24356821e+03],0,[ 1.26785945e+03 -5.38293880e+00 -6.24356821e+03],0,[ 1.26785945e+03 -5.38293880e+00 -6.24356821e+03],6,[ 1.26767030e+03 -5.38176095e+00 -6.24360661e+03],5,[ 1.26767030e+03 -5.38176095e+00 -6.24360661e+03],5,[ 1.26767030e+03 -5.38176095e+00 -6.24360661e+03],0,[ 1.26785945e+03 -5.38293880e+00 -6.24356821e+03],4,[ 1.26785945e+03 -5.38293880e+00 -6.24356821e+03],4,[ 1.26785945e+03 -5.38293880e+00 -6.24356821e+03],0
34,34,Antiguo hospital San Juan de Dios,-0.223106,-78.515028,"[1268.525958495491, -4.939581681929666, -6243.433229654651]",[9.98691483e-01 8.29407762e-01 1.15266993e-04],[ 1.99109395e-01 -7.75322819e-04 -9.79976963e-01],1,[ 1.26654760e+03 -5.63885667e+00 -6.24383409e+03],0,[ 1.26654760e+03 -5.63885667e+00 -6.24383409e+03],0,[ 1.26654760e+03 -5.63885667e+00 -6.24383409e+03],0,[ 1.26976940e+03 -4.45603343e+00 -6.24318074e+03],3,[ 1.26976940e+03 -4.45603343e+00 -6.24318074e+03],3,[ 1.26976940e+03 -4.45603343e+00 -6.24318074e+03],3,[ 1.26976940e+03 -4.45603343e+00 -6.24318074e+03],0,[ 1.26976940e+03 -4.45603343e+00 -6.24318074e+03],0,[ 1.26976940e+03 -4.45603343e+00 -6.24318074e+03],4,[ 1.26818311e+03 -5.24392592e+00 -6.24350258e+03],4,[ 1.26818311e+03 -5.24392592e+00 -6.24350258e+03],4,[ 1.26818311e+03 -5.24392592e+00 -6.24350258e+03],4,[ 1.26785945e+03 -5.38293880e+00 -6.24356821e+03],0,[ 1.26785945e+03 -5.38293880e+00 -6.24356821e+03],0,[ 1.26785945e+03 -5.38293880e+00 -6.24356821e+03],6,[ 1.26767030e+03 -5.38176095e+00 -6.24360661e+03],5,[ 1.26767030e+03 -5.38176095e+00 -6.24360661e+03],5,[ 1.26767030e+03 -5.38176095e+00 -6.24360661e+03],0,[ 1.26785945e+03 -5.38293880e+00 -6.24356821e+03],4,[ 1.26785945e+03 -5.38293880e+00 -6.24356821e+03],4,[ 1.26785945e+03 -5.38293880e+00 -6.24356821e+03],0
35,35,Hospital Del Sur,-0.244333,-78.541078,"[1265.6853076630866, -5.397440535864816, -6244.009334522288]",[9.98313871e-01 8.29346899e-01 3.86844920e-05],[ 1.98663523e-01 -8.47188908e-04 -9.80067389e-01],1,[ 1.26654760e+03 -5.63885667e+00 -6.24383409e+03],0,[ 1.26654760e+03 -5.63885667e+00 -6.24383409e+03],0,[ 1.26654760e+03 -5.63885667e+00 -6.24383409e+03],2,[ 1.26602578e+03 -5.79642470e+00 -6.24393983e+03],2,[ 1.26602578e+03 -5.79642470e+00 -6.24393983e+03],2,[ 1.26602578e+03 -5.79642470e+00 -6.24393983e+03],0,[ 1.26602578e+03 -5.79642470e+00 -6.24393983e+03],2,[ 1.26602578e+03 -5.79642470e+00 -6.24393983e+03],2,[ 1.26602578e+03 -5.79642470e+00 -6.24393983e+03],2,[ 1.26542317e+03 -5.85821484e+00 -6.24406198e+03],0,[ 1.26542317e+03 -5.85821484e+00 -6.24406198e+03],0,[ 1.26542317e+03 -5.85821484e+00 -6.24406198e+03],0,[ 1.26542317e+03 -5.85821484e+00 -6.24406198e+03],4,[ 1.26542317e+03 -5.85821484e+00 -6.24406198e+03],4,[ 1.26542317e+03 -5.85821484e+00 -6.24406198e+03],2,[ 1.26523779e+03 -5.93880167e+00 -6.24409948e+03],2,[ 1.26523779e+03 -5.93880167e+00 -6.24409948e+03],2,[ 1.26523779e+03 -5.93880167e+00 -6.24409948e+03],4,[ 1.26542317e+03 -5.85821484e+00 -6.24406198e+03],2,[ 1.26542317e+03 -5.85821484e+00 -6.24406198e+03],2,[ 1.26542317e+03 -5.85821484e+00 -6.24406198e+03],4
36,36,"Novaclínica Santa Cecilia, hos",-0.200741,-78.496442,"[1270.552998695555, -4.451516765892026, -6243.021404857124]",[9.98960941e-01 8.29472642e-01 1.70011492e-04],[ 1.99427562e-01 -6.98715550e-04 -9.79912322e-01],2,[ 1.27094479e+03 -3.84982497e+00 -6.24294188e+03],2,[ 1.27094479e+03 -3.84982497e+00 -6.24294188e+03],2,[ 1.27094479e+03 -3.84982497e+00 -6.24294188e+03],0,[ 1.26976940e+03 -4.45603343e+00 -6.24318074e+03],3,[ 1.26976940e+03 -4.45603343e+00 -6.24318074e+03],3,[ 1.26976940e+03 -4.45603343e+00 -6.24318074e+03],3,[ 1.26976940e+03 -4.45603343e+00 -6.24318074e+03],0,[ 1.26976940e+03 -4.45603343e+00 -6.24318074e+03],0,[ 1.26976940e+03 -4.45603343e+00 -6.24318074e+03],1,[ 1.27063144e+03 -3.99678656e+00 -6.24300567e+03],2,[ 1.27063144e+03 -3.99678656e+00 -6.24300567e+03],2,[ 1.27063144e+03 -3.99678656e+00 -6.24300567e+03],6,[ 1.26992285e+03 -4.54728179e+00 -6.24314952e+03],3,[ 1.26992285e+03 -4.54728179e+00 -6.24314952e+03],3,[ 1.26992285e+03 -4.54728179e+00 -6.24314952e+03],7,[ 1.27119474e+03 -4.33645194e+00 -6.24289082e+03],1,[ 1.27119474e+03 -4.33645194e+00 -6.24289082e+03],1,[ 1.27119474e+03 -4.33645194e+00 -6.24289082e+03],7,[ 1.27119474e+03 -4.33645194e+00 -6.24289082e+03],6,[ 1.27119474e+03 -4.33645194e+00 -6.24289082e+03],6,[ 1.27119474e+03 -4.33645194e+00 -6.24289082e+03],7
37,37,CLINICA DE ESPECIALIDADES SUR,-0.2413,-78.521715,"[1267.7956516880345, -5.339326945469297, -6243.581238131581]",[9.98594402e-01 8.29354624e-01 9.55919995e-05],[ 1.98994766e-01 -8.38067328e-04 -9.80000194e-01],1,[ 1.26654760e+03 -5.63885667e+00 -6.24383409e+03],0,[ 1.26654760e+03 -5.63885667e+00 -6.24383409e+03],0,[ 1.26654760e+03 -5.63885667e+00 -6.24383409e+03],2,[ 1.26602578e+03 -5.79642470e+00 -6.24393983e+03],2,[ 1.26602578e+03 -5.79642470e+00 -6.24393983e+03],2,[ 1.26602578e+03 -5.79642470e+00 -6.24393983e+03],0,[ 1.26602578e+03 -5.79642470e+00 -6.24393983e+03],2,[ 1.26602578e+03 -5.79642470e+00 -6.24393983e+03],2,[ 1.26602578e+03 -5.79642470e+00 -6.24393983e+03],4,[ 1.26818311e+03 -5.24392592e+00 -6.24350258e+03],4,[ 1.26818311e+03 -5.24392592e+00 -6.24350258e+03],4,[ 1.26818311e+03 -5.24392592e+00 -6.24350258e+03],4,[ 1.26785945e+03 -5.38293880e+00 -6.24356821e+03],0,[ 1.26785945e+03 -5.38293880e+00 -6.24356821e+03],0,[ 1.26785945e+03 -5.38293880e+00 -6.24356821e+03],6,[ 1.26767030e+03 -5.38176095e+00 -6.24360661e+03],5,[ 1.26767030e+03 -5.38176095e+00 -6.24360661e+03],5,[ 1.26767030e+03 -5.38176095e+00 -6.24360661e+03],0,[ 1.26785945e+03 -5.38293880e+00 -6.24356821e+03],4,[ 1.26785945e+03 -5.38293880e+00 -6.24356821e+03],4,[ 1.26785945e+03 -5.38293880e+00 -6.24356821e+03],0
38,38,Clinica Nuestra Señora de Guadalupe,-0.194577,-78.494713,"[1270.7418626325502, -4.315467771623308, -6242.983060628233]",[9.98986047e-01 8.29490727e-01 1.75108649e-04],[ 1.99457207e-01 -6.77361132e-04 -9.79906304e-01],2,[ 1.27094479e+03 -3.84982497e+00 -6.24294188e+03],2,[ 1.27094479e+03 -3.84982497e+00 -6.24294188e+03],2,[ 1.27094479e+03 -3.84982497e+00 -6.24294188e+03],0,[ 1.26976940e+03 -4.45603343e+00 -6.24318074e+03],3,[ 1.26976940e+03 -4.45603343e+00 -6.24318074e+03],3,[ 1.26976940e+03 -4.45603343e+00 -6.24318074e+03],3,[ 1.26976940e+03 -4.45603343e+00 -6.24318074e+03],0,[ 1.26976940e+03 -4.45603343e+00 -6.24318074e+03],0,[ 1.26976940e+03 -4.45603343e+00 -6.24318074e+03],1,[ 1.27063144e+03 -3.99678656e+00 -6.24300567e+03],2,[ 1.27063144e+03 -3.99678656e+00 -6.24300567e+03],2,[ 1.27063144e+03 -3.99678656e+00 -6.24300567e+03],1,[ 1.27100373e+03 -3.65869071e+00 -6.24293011e+03],3,[ 1.27100373e+03 -3.65869071e+00 -6.24293011e+03],3,[ 1.27100373e+03 -3.65869071e+00 -6.24293011e+03],7,[ 1.27119474e+03 -4.33645194e+00 -6.24289082e+03],1,[ 1.27119474e+03 -4.33645194e+00 -6.24289082e+03],1,[ 1.27119474e+03 -4.33645194e+00 -6.24289082e+03],7,[ 1.27119474e+03 -4.33645194e+00 -6.24289082e+03],6,[ 1.27119474e+03 -4.33645194e+00 -6.24289082e+03],6,[ 1.27119474e+03 -4.33645194e+00 -6.24289082e+03],7
39,39,Consultorio Medico,-0.260485,-78.546609,"[1265.0809759328863, -5.751503709741581, -6244.131488408759]",[9.98233536e-01 8.29299832e-01 2.24463892e-05],[ 1.98568667e-01 -9.02763100e-04 -9.80086562e-01],1,[ 1.26654760e+03 -5.63885667e+00 -6.24383409e+03],0,[ 1.26654760e+03 -5.63885667e+00 -6.24383409e+03],0,[ 1.26654760e+03 -5.63885667e+00 -6.24383409e+03],2,[ 1.26602578e+03 -5.79642470e+00 -6.24393983e+03],2,[ 1.26602578e+03 -5.79642470e+00 -6.24393983e+03],2,[ 1.26602578e+03 -5.79642470e+00 -6.24393983e+03],0,[ 1.26602578e+03 -5.79642470e+00 -6.24393983e+03],2,[ 1.26602578e+03 -5.79642470e+00 -6.24393983e+03],2,[ 1.26602578e+03 -5.79642470e+00 -6.24393983e+03],2,[ 1.26542317e+03 -5.85821484e+00 -6.24406198e+03],0,[ 1.26542317e+03 -5.85821484e+00 -6.24406198e+03],0,[ 1.26542317e+03 -5.85821484e+00 -6.24406198e+03],0,[ 1.26542317e+03 -5.85821484e+00 -6.24406198e+03],4,[ 1.26542317e+03 -5.85821484e+00 -6.24406198e+03],4,[ 1.26542317e+03 -5.85821484e+00 -6.24406198e+03],2,[ 1.26523779e+03 -5.93880167e+00 -6.24409948e+03],2,[ 1.26523779e+03 -5.93880167e+00 -6.24409948e+03],2,[ 1.26523779e+03 -5.93880167e+00 -6.24409948e+03],4,[ 1.26542317e+03 -5.85821484e+00 -6.24406198e+03],2,[ 1.26542317e+03 -5.85821484e+00 -6.24406198e+03],2,[ 1.26542317e+03 -5.85821484e+00 -6.24406198e+03],4
40,40,Hospital de Especialidades San Bartolo,-0.268717,-78.528659,"[1267.0362556247185, -5.942439055413372, -6243.734844974646]",[9.98493455e-01 8.29274451e-01 7.51728071e-05],[ 1.98875570e-01 -9.32732547e-04 -9.80024305e-01],1,[ 1.26654760e+03 -5.63885667e+00 -6.24383409e+03],0,[ 1.26654760e+03 -5.63885667e+00 -6.24383409e+03],0,[ 1.26654760e+03 -5.63885667e+00 -6.24383409e+03],2,[ 1.26602578e+03 -5.79642470e+00 -6.24393983e+03],2,[ 1.26602578e+03 -5.79642470e+00 -6.24393983e+03],2,[ 1.26602578e+03 -5.79642470e+00 -6.24393983e+03],0,[ 1.26602578e+03 -5.79642470e+00 -6.24393983e+03],2,[ 1.26602578e+03 -5.79642470e+00 -6.24393983e+03],2,[ 1.26602578e+03 -5.79642470e+00 -6.24393983e+03],4,[ 1.26818311e+03 -5.24392592e+00 -6.24350258e+03],4,[ 1.26818311e+03 -5.24392592e+00 -6.24350258e+03],4,[ 1.26818311e+03 -5.24392592e+00 -6.24350258e+03],4,[ 1.26785945e+03 -5.38293880e+00 -6.24356821e+03],0,[ 1.26785945e+03 -5.38293880e+00 -6.24356821e+03],0,[ 1.26785945e+03 -5.38293880e+00 -6.24356821e+03],6,[ 1.26767030e+03 -5.38176095e+00 -6.24360661e+03],5,[ 1.26767030e+03 -5.38176095e+00 -6.24360661e+03],5,[ 1.26767030e+03 -5.38176095e+00 -6.24360661e+03],0,[ 1.26785945e+03 -5.38293880e+00 -6.24356821e+03],4,[ 1.26785945e+03 -5.38293880e+00 -6.24356821e+03],4,[ 1.26785945e+03 -5.38293880e+00 -6.24356821e+03],0
41,41,Centro Médico Tierra Nueva,-0.262567,-78.53754,"[1266.0690854169616, -5.802003070301306, -6243.93116615741]",[9.98364887e-01 8.29293119e-01 4.90755322e-05],[ 1.98723762e-01 -9.10689542e-04 -9.80055119e-01],1,[ 1.26654760e+03 -5.63885667e+00 -6.24383409e+03],0,[ 1.26654760e+03 -5.63885667e+00 -6.24383409e+03],0,[ 1.26654760e+03 -5.63885667e+00 -6.24383409e+03],2,[ 1.26602578e+03 -5.79642470e+00 -6.24393983e+03],2,[ 1.26602578e+03 -5.79642470e+00 -6.24393983e+03],2,[ 1.26602578e+03 -5.79642470e+00 -6.24393983e+03],0,[ 1.26602578e+03 -5.79642470e+00 -6.24393983e+03],2,[ 1.26602578e+03 -5.79642470e+00 -6.24393983e+03],2,[ 1.26602578e+03 -5.79642470e+00 -6.24393983e+03],2,[ 1.26542317e+03 -5.85821484e+00 -6.24406198e+03],0,[ 1.26542317e+03 -5.85821484e+00 -6.24406198e+03],0,[ 1.26542317e+03 -5.85821484e+00 -6.24406198e+03],0,[ 1.26542317e+03 -5.85821484e+00 -6.24406198e+03],4,[ 1.26542317e+03 -5.85821484e+00 -6.24406198e+03],4,[ 1.26542317e+03 -5.85821484e+00 -6.24406198e+03],2,[ 1.26523779e+03 -5.93880167e+00 -6.24409948e+03],2,[ 1.26523779e+03 -5.93880167e+00 -6.24409948e+03],2,[ 1.26523779e+03 -5.93880167e+00 -6.24409948e+03],4,[ 1.26542317e+03 -5.85821484e+00 -6.24406198e+03],2,[ 1.26542317e+03 -5.85821484e+00 -6.24406198e+03],2,[ 1.26542317e+03 -5.85821484e+00 -6.24406198e+03],4
42,42,New Hospital IESS,-0.256536,-78.524748,"[1267.463679381323, -5.6749770751956845, -6243.648341801799]",[9.98550273e-01 8.29310005e-01 8.66718061e-05],[ 1.98942659e-01 -8.90751385e-04 -9.80010727e-01],1,[ 1.26654760e+03 -5.63885667e+00 -6.24383409e+03],0,[ 1.26654760e+03 -5.63885667e+00 -6.24383409e+03],0,[ 1.26654760e+03 -5.63885667e+00 -6.24383409e+03],2,[ 1.26602578e+03 -5.79642470e+00 -6.24393983e+03],2,[ 1.26602578e+03 -5.79642470e+00 -6.24393983e+03],2,[ 1.26602578e+03 -5.79642470e+00 -6.24393983e+03],0,[ 1.26602578e+03 -5.79642470e+00 -6.24393983e+03],2,[ 1.26602578e+03 -5.79642470e+00 -6.24393983e+03],2,[ 1.26602578e+03 -5.79642470e+00 -6.24393983e+03],4,[ 1.26818311e+03 -5.24392592e+00 -6.24350258e+03],4,[ 1.26818311e+03 -5.24392592e+00 -6.24350258e+03],4,[ 1.26818311e+03 -5.24392592e+00 -6.24350258e+03],4,[ 1.26785945e+03 -5.38293880e+00 -6.24356821e+03],0,[ 1.26785945e+03 -5.38293880e+00 -6.24356821e+03],0,[ 1.26785945e+03 -5.38293880e+00 -6.24356821e+03],6,[ 1.26767030e+03 -5.38176095e+00 -6.24360661e+03],5,[ 1.26767030e+03 -5.38176095e+00 -6.24360661e+03],5,[ 1.26767030e+03 -5.38176095e+00 -6.24360661e+03],0,[ 1.26785945e+03 -5.38293880e+00 -6.24356821e+03],4,[ 1.26785945e+03 -5.38293880e+00 -6.24356821e+03],4,[ 1.26785945e+03 -5.38293880e+00 -6.24356821e+03],0
43,43,Hospital Padre Carollo - Un Canto a la Vida,-0.286925,-78.55038,"[1264.6672234848886, -6.3332357026895565, -6244.214738777691]",[9.98178535e-01 8.29222502e-01 1.13797904e-05],[ 0.19850372 -0.00099407 -0.98009963],1,[ 1.26654760e+03 -5.63885667e+00 -6.24383409e+03],0,[ 1.26654760e+03 -5.63885667e+00 -6.24383409e+03],0,[ 1.26654760e+03 -5.63885667e+00 -6.24383409e+03],2,[ 1.26602578e+03 -5.79642470e+00 -6.24393983e+03],2,[ 1.26602578e+03 -5.79642470e+00 -6.24393983e+03],2,[ 1.26602578e+03 -5.79642470e+00 -6.24393983e+03],0,[ 1.26602578e+03 -5.79642470e+00 -6.24393983e+03],2,[ 1.26602578e+03 -5.79642470e+00 -6.24393983e+03],2,[ 1.26602578e+03 -5.79642470e+00 -6.24393983e+03],2,[ 1.26542317e+03 -5.85821484e+00 -6.24406198e+03],0,[ 1.26542317e+03 -5.85821484e+00 -6.24406198e+03],0,[ 1.26542317e+03 -5.85821484e+00 -6.24406198e+03],0,[ 1.26542317e+03 -5.85821484e+00 -6.24406198e+03],4,[ 1.26542317e+03 -5.85821484e+00 -6.24406198e+03],4,[ 1.26542317e+03 -5.85821484e+00 -6.24406198e+03],2,[ 1.26523779e+03 -5.93880167e+00 -6.24409948e+03],2,[ 1.26523779e+03 -5.93880167e+00 -6.24409948e+03],2,[ 1.26523779e+03 -5.93880167e+00 -6.24409948e+03],4,[ 1.26542317e+03 -5.85821484e+00 -6.24406198e+03],2,[ 1.26542317e+03 -5.85821484e+00 -6.24406198e+03],2,[ 1.26542317e+03 -5.85821484e+00 -6.24406198e+03],4
44,44,Hospital Especializado San Juan de Dios,-0.297081,-78.443716,"[1276.2881939644274, -6.61766667773376, -6241.849537792044]",[9.99723329e-01 8.29184692e-01 3.25789572e-04],[ 0.20032777 -0.00103872 -0.97972838],0,[ 1.27667449e+03 -5.63210863e+00 -6.24177115e+03],1,[ 1.27667449e+03 -5.63210863e+00 -6.24177115e+03],1,[ 1.27667449e+03 -5.63210863e+00 -6.24177115e+03],1,[ 1.27667449e+03 -5.63210863e+00 -6.24177115e+03],1,[ 1.27667449e+03 -5.63210863e+00 -6.24177115e+03],1,[ 1.27667449e+03 -5.63210863e+00 -6.24177115e+03],4,[ 1276.03650621    -7.06913246 -6241.90045843],1,[ 1276.03650621    -7.06913246 -6241.90045843],1,[ 1276.03650621    -7.06913246 -6241.90045843],5,[ 1276.03650621    -7.06913246 -6241.90045843],3,[ 1276.03650621    -7.06913246 -6241.90045843],3,[ 1276.03650621    -7.06913246 -6241.90045843],3,[ 1276.03650621    -7.06913246 -6241.90045843],2,[ 1276.03650621    -7.06913246 -6241.90045843],2,[ 1276.03650621    -7.06913246 -6241.90045843],0,[ 1276.03650621    -7.06913246 -6241.90045843],0,[ 1276.03650621    -7.06913246 -6241.90045843],0,[ 1276.03650621    -7.06913246 -6241.90045843],5,[ 1276.03650621    -7.06913246 -6241.90045843],1,[ 1276.03650621    -7.06913246 -6241.90045843],1,[ 1276.03650621    -7.06913246 -6241.90045843],5
45,45,Hospital Gineco Obstétrico Luz Elena Arismendy,-0.314958,-78.554259,"[1264.241235362837, -6.94967247414656, -6244.300345183658]",[0.99812191 0.82914056 0.        ],[ 0.19843686 -0.00109083 -0.98011307],1,[ 1.26654760e+03 -5.63885667e+00 -6.24383409e+03],0,[ 1.26654760e+03 -5.63885667e+00 -6.24383409e+03],0,[ 1.26654760e+03 -5.63885667e+00 -6.24383409e+03],2,[ 1.26602578e+03 -5.79642470e+00 -6.24393983e+03],2,[ 1.26602578e+03 -5.79642470e+00 -6.24393983e+03],2,[ 1.26602578e+03 -5.79642470e+00 -6.24393983e+03],0,[ 1.26602578e+03 -5.79642470e+00 -6.24393983e+03],2,[ 1.26602578e+03 -5.79642470e+00 -6.24393983e+03],2,[ 1.26602578e+03 -5.79642470e+00 -6.24393983e+03],2,[ 1.26542317e+03 -5.85821484e+00 -6.24406198e+03],0,[ 1.26542317e+03 -5.85821484e+00 -6.24406198e+03],0,[ 1.26542317e+03 -5.85821484e+00 -6.24406198e+03],0,[ 1.26542317e+03 -5.85821484e+00 -6.24406198e+03],4,[ 1.26542317e+03 -5.85821484e+00 -6.24406198e+03],4,[ 1.26542317e+03 -5.85821484e+00 -6.24406198e+03],2,[ 1.26523779e+03 -5.93880167e+00 -6.24409948e+03],2,[ 1.26523779e+03 -5.93880167e+00 -6.24409948e+03],2,[ 1.26523779e+03 -5.93880167e+00 -6.24409948e+03],4,[ 1.26542317e+03 -5.85821484e+00 -6.24406198e+03],2,[ 1.26542317e+03 -5.85821484e+00 -6.24406198e+03],2,[ 1.26542317e+03 -5.85821484e+00 -6.24406198e+03],4
46,46,Day Hospital IESS Sangolquí,-0.337253,-78.440842,"[1276.5963292954827, -7.514356517002894, -6241.785509489687]",[9.99764290e-01 8.29065494e-01 3.34300952e-04],[ 0.20037613 -0.00117946 -0.97971833],0,[ 1.27667449e+03 -5.63210863e+00 -6.24177115e+03],1,[ 1.27667449e+03 -5.63210863e+00 -6.24177115e+03],1,[ 1.27667449e+03 -5.63210863e+00 -6.24177115e+03],1,[ 1.27667449e+03 -5.63210863e+00 -6.24177115e+03],1,[ 1.27667449e+03 -5.63210863e+00 -6.24177115e+03],1,[ 1.27667449e+03 -5.63210863e+00 -6.24177115e+03],4,[ 1276.03650621    -7.06913246 -6241.90045843],1,[ 1276.03650621    -7.06913246 -6241.90045843],1,[ 1276.03650621    -7.06913246 -6241.90045843],5,[ 1276.03650621    -7.06913246 -6241.90045843],3,[ 1276.03650621    -7.06913246 -6241.90045843],3,[ 1276.03650621    -7.06913246 -6241.90045843],3,[ 1276.03650621    -7.06913246 -6241.90045843],2,[ 1276.03650621    -7.06913246 -6241.90045843],2,[ 1276.03650621    -7.06913246 -6241.90045843],0,[ 1276.03650621    -7.06913246 -6241.90045843],0,[ 1276.03650621    -7.06913246 -6241.90045843],0,[ 1276.03650621    -7.06913246 -6241.90045843],5,[ 1276.03650621    -7.06913246 -6241.90045843],1,[ 1276.03650621    -7.06913246 -6241.90045843],1,[ 1276.03650621    -7.06913246 -6241.90045843],5
47,47,Hospital Cantonal de Sangolquí,-0.329922,-78.443935,"[1276.2603335166239, -7.349075607006905, -6241.854416131456]",[9.99719625e-01 8.29087465e-01 3.25141087e-04],[ 0.20032339 -0.00115352 -0.97972915],0,[ 1.27667449e+03 -5.63210863e+00 -6.24177115e+03],1,[ 1.27667449e+03 -5.63210863e+00 -6.24177115e+03],1,[ 1.27667449e+03 -5.63210863e+00 -6.24177115e+03],1,[ 1.27667449e+03 -5.63210863e+00 -6.24177115e+03],1,[ 1.27667449e+03 -5.63210863e+00 -6.24177115e+03],1,[ 1.27667449e+03 -5.63210863e+00 -6.24177115e+03],4,[ 1276.03650621    -7.06913246 -6241.90045843],1,[ 1276.03650621    -7.06913246 -6241.90045843],1,[ 1276.03650621    -7.06913246 -6241.90045843],5,[ 1276.03650621    -7.06913246 -6241.90045843],3,[ 1276.03650621    -7.06913246 -6241.90045843],3,[ 1276.03650621    -7.06913246 -6241.90045843],3,[ 1276.03650621    -7.06913246 -6241.90045843],2,[ 1276.03650621    -7.06913246 -6241.90045843],2,[ 1276.03650621    -7.06913246 -6241.90045843],0,[ 1276.03650621    -7.06913246 -6241.90045843],0,[ 1276.03650621    -7.06913246 -6241.90045843],0,[ 1276.03650621    -7.06913246 -6241.90045843],5,[ 1276.03650621    -7.06913246 -6241.90045843],1,[ 1276.03650621    -7.06913246 -6241.90045843],1,[ 1276.03650621    -7.06913246 -6241.90045843],5
48,48,Clinica San Rafael,-0.305369,-78.455521,"[1275.0011680826533, -6.795431035000112, -6242.112370304216]",[9.99552243e-01 8.29161062e-01 2.90850845e-04],[ 0.20012575 -0.00106662 -0.97976964],0,[ 1.27667449e+03 -5.63210863e+00 -6.24177115e+03],1,[ 1.27667449e+03 -5.63210863e+00 -6.24177115e+03],1,[ 1.27667449e+03 -5.63210863e+00 -6.24177115e+03],1,[ 1.27667449e+03 -5.63210863e+00 -6.24177115e+03],1,[ 1.27667449e+03 -5.63210863e+00 -6.24177115e+03],1,[ 1.27667449e+03 -5.63210863e+00 -6.24177115e+03],4,[ 1276.03650621    -7.06913246 -6241.90045843],1,[ 1276.03650621    -7.06913246 -6241.90045843],1,[ 1276.03650621    -7.06913246 -6241.90045843],5,[ 1276.03650621    -7.06913246 -6241.90045843],3,[ 1276.03650621    -7.06913246 -6241.90045843],3,[ 1276.03650621    -7.06913246 -6241.90045843],3,[ 1276.03650621    -7.06913246 -6241.90045843],2,[ 1276.03650621    -7.06913246 -6241.90045843],2,[ 1276.03650621    -7.06913246 -6241.90045843],0,[ 1276.03650621    -7.06913246 -6241.90045843],0,[ 1276.03650621    -7.06913246 -6241.90045843],0,[ 1276.03650621    -7.06913246 -6241.90045843],5,[ 1276.03650621    -7.06913246 -6241.90045843],1,[ 1276.03650621    -7.06913246 -6241.90045843],1,[ 1276.03650621    -7.06913246 -6241.90045843],5
